{"stat.useItem.minecraft.lapis_ore":2,"stat.useItem.minecraft.lapis_block":24,"stat.useItem.minecraft.sticky_piston":2,"stat.useItem.minecraft.quartz_block":41,"stat.useItem.minecraft.stone":587,"stat.pigOneCm":127,"stat.leaveGame":43,"stat.useItem.minecraft.bookshelf":13,"stat.useItem.minecraft.soul_sand":2,"stat.useItem.minecraft.diamond_sword":1,"stat.useItem.minecraft.glowstone":57,"stat.useItem.minecraft.bedrock":86,"stat.useItem.minecraft.sand":25,"stat.swimOneCm":33630,"stat.jump":1706,"stat.useItem.minecraft.snow":9,"stat.climbOneCm":28119,"stat.useItem.minecraft.planks":1,"stat.crouchOneCm":11835,"stat.useItem.minecraft.mycelium":3,"stat.useItem.minecraft.obsidian":99,"stat.useItem.minecraft.redstone_torch":6,"stat.useItem.minecraft.dirt":42,"stat.useItem.minecraft.stone_button":1,"stat.useItem.minecraft.mob_spawner":26,"achievement.exploreAllBiomes":{"value":0,"progress":["Jungle","Ocean","Plains","Desert","Deep Ocean","Hell"]},"stat.useItem.minecraft.glass":25,"stat.useItem.minecraft.sandstone_stairs":35,"stat.useItem.minecraft.vine":4,"stat.damageTaken":960,"stat.useItem.minecraft.stone_brick_stairs":53,"stat.useItem.minecraft.anvil":4,"stat.flyOneCm":5035893,"stat.damageDealt":130,"stat.timeSinceDeath":530,"stat.useItem.minecraft.fence_gate":2,"stat.useItem.minecraft.sign":72,"stat.killEntity.Pig":1,"stat.useItem.minecraft.iron_door":8,"stat.useItem.minecraft.iron_bars":77,"stat.useItem.minecraft.command_block":6,"stat.walkOneCm":1639064,"stat.useItem.minecraft.torch":2,"stat.useItem.minecraft.chest":91,"stat.useItem.minecraft.cobblestone":1,"stat.talkedToVillager":1,"stat.useItem.minecraft.end_stone":1,"stat.useItem.minecraft.redstone":1,"stat.useItem.minecraft.sea_lantern":24,"stat.useItem.minecraft.spruce_stairs":1,"stat.useItem.minecraft.spruce_fence":12,"stat.useItem.minecraft.written_book":57,"achievement.mineWood":6,"stat.useItem.minecraft.leaves":16,"stat.sprintOneCm":795588,"stat.useItem.minecraft.fence":7,"stat.useItem.minecraft.glass_pane":31,"stat.useItem.minecraft.netherrack":65,"stat.useItem.minecraft.stone_slab":73,"stat.useItem.minecraft.ice":8,"stat.useItem.minecraft.tripwire_hook":1,"achievement.openInventory":361,"stat.useItem.minecraft.flint_and_steel":6,"stat.useItem.minecraft.wooden_button":7,"stat.mobKills":1,"stat.useItem.minecraft.stonebrick":956,"stat.useItem.minecraft.monster_egg":82,"stat.useItem.minecraft.mossy_cobblestone":5,"stat.deaths":8,"stat.useItem.minecraft.cobblestone_wall":25,"stat.drop":32,"stat.useItem.minecraft.writable_book":32,"stat.playOneMinute":472409,"stat.useItem.minecraft.nether_brick":6,"stat.diveOneCm":131032,"stat.useItem.minecraft.sandstone":650}